{
    // The version of the config file format.  Do not change, unless
    // you know what you are doing.
    "version": 1,

    // The name of the project being benchmarked
    "project": "scipy",

    // The project's homepage
    "project_url": "http://scipy.org/scipylib/",

    // The URL of the source code repository for the project being
    // benchmarked
    "repo": "https://github.com/scipy/scipy.git",
    "dvcs": "git",
    "branches": ["master", "maintenance/0.15.x", "maintenance/0.14.x"],

    // The base URL to "how a commit for the project.
    "show_commit_url": "http://github.com/scipy/scipy/commit/",

    // The Pythons you'd like to test against.  If not provided, defaults
    // to the current version of Python used to run `asv`.
    "pythons": ["2.7"],

    // The matrix of dependencies to test.  Each key is the name of a
    // package (in PyPI) and the values are version numbers.  An empty
    // list indicates to just test against the default (latest)
    // version.
    "matrix": {
        "numpy": ["1.8.2"],
        "Tempita": ["0.5.2"],
        "Cython": ["0.22"],
	"six": [],
    },

    // The directory (relative to the current directory) that benchmarks are
    // stored in.  If not provided, defaults to "benchmarks"
    "benchmark_dir": "benchmarks",

    // The directory (relative to the current directory) to cache the Python
    // environments in.  If not provided, defaults to "env"
    "env_dir": "env",

    "environment_type": "virtualenv",
    "wheel_cache_size": 10,

    // The directory (relative to the current directory) that raw benchmark
    // results are stored in.  If not provided, defaults to "results".
    "results_dir": "results",

    // The directory (relative to the current directory) that the html tree
    // should be written to.  If not provided, defaults to "html".
    "html_dir": "html",

    // The number of characters to retain in the commit hashes.
    "hash_length": 8
}
